{"cameraMode":{"drawMode":2,"name":"Shaded Wireframe","section":"Shading Mode"},"sceneLighting":false,"audioPlay":false,"sceneViewState":{"showFog":true,"showMaterialUpdate":false,"showSkybox":true,"showFlares":true,"showImageEffects":true,"showParticleSystems":true},"in2DMode":false,"pivot":{"x":1.0686941146850587,"y":1.3906750679016114,"z":1.030455470085144},"rotation":{"x":0.185446634888649,"y":-0.5584049820899963,"z":0.12975165247917176,"w":0.7980971336364746},"size":4.394800186157227,"orthographic":false}